Insee code,Postal code,City Name,Department,Population,Number of Building Permit,Building Score,Building class,GrandParisExpress Score,B/GPE Class,GeoPoint
94069,94410,SAINT-MAURICE,VAL-DE-MARNE,14.4,224,-0.35149823277771247,0,0.29905354077240626,1,"48.8184921372,2.4374501342"
92009,92270,BOIS-COLOMBES,HAUTS-DE-SEINE,28.2,46,-1.050918178794567,0,2.059712962472703,1,"48.9153368426,2.26738552597"
95268,95140,GARGES-LES-GONESSE,VAL-D'OISE,40.2,302,-0.7555039519793609,0,-0.16315537135820388,2,"48.9701231267,2.40534038501"
94003,94110,ARCUEIL,VAL-DE-MARNE,19.5,503,0.1628224852215694,2,2.617242509274336,3,"48.8058803597,2.33351024984"
91228,91000,EVRY,ESSONNE,52.4,753,-0.4110371935543829,0,-0.8999041172477084,2,"48.6294831659,2.44008244492"
93071,93270,SEVRAN,SEINE-SAINT-DENIS,50.0,534,-0.5963973512897015,0,1.5242743453556402,1,"48.9386070153,2.53124057567"
93079,93430,VILLETANEUSE,SEINE-SAINT-DENIS,12.8,119,-0.665871703197852,0,-0.04575618300257398,2,"48.9572976501,2.34506633651"
77305,77130,MONTEREAU-FAULT-YONNE,SEINE-ET-MARNE,16.3,288,-0.24535438239891677,0,-0.9035136627948055,2,"48.3898830911,2.96155479657"
78551,78100,SAINT-GERMAIN-EN-LAYE,YVELINES,40.9,820,-0.12579766860164385,2,-0.8975058428024875,2,"48.9407041394,2.09870929375"
92012,92100,BOULOGNE-BILLANCOURT,HAUTS-DE-SEINE,113.1,777,-0.7877722687789327,0,0.9580531966915589,1,"48.8365843138,2.23913599058"
95323,95280,JOUY-LE-MOUTIER,VAL-D'OISE,16.7,468,0.27478904601883375,2,-0.9034743339488385,2,"49.0113625056,2.03408317867"
91657,91270,VIGNEUX-SUR-SEINE,ESSONNE,27.1,418,-0.3580885076401097,0,-0.7741064811611039,2,"48.7037445355,2.42793203784"
75116,75016,PARIS-16E-ARRONDISSEMENT,PARIS,169.4,131,-1.0940098856021516,0,0.28793821328344854,1,"48.8603987604,2.2620995594"
77118,77410,CLAYE-SOUILLY,SEINE-ET-MARNE,11.1,626,1.6999365124271073,1,-0.8924435023430172,0,"48.9429697515,2.67523211808"
93057,93320,LES PAVILLONS-SOUS-BOIS,SEINE-SAINT-DENIS,21.2,829,0.83132826970358,2,0.6330362154411449,3,"48.9082060253,2.50297448267"
91286,91350,GRIGNY,ESSONNE,26.9,308,-0.5577296034434686,0,-0.8591954088766438,2,"48.6568896116,2.38789647858"
93013,93350,LE BOURGET,SEINE-SAINT-DENIS,14.3,365,0.14924044720410287,2,2.1283783182576688,3,"48.9361847458,2.42827855593"
92023,92140,CLAMART,HAUTS-DE-SEINE,52.6,5204,3.8366683068543668,3,0.24283302423647046,0,"48.7964306792,2.25474652922"
93046,93190,LIVRY-GARGAN,SEINE-SAINT-DENIS,41.2,1843,1.1140849263582118,1,0.616470198040334,3,"48.9197633213,2.53486592332"
92078,92390,VILLENEUVE-LA-GARENNE,HAUTS-DE-SEINE,24.9,137,-0.8564878263990288,0,1.1396571078551367,1,"48.9364061917,2.32448995943"
78650,78110,LE VESINET,YVELINES,16.2,632,0.8267359428368438,2,-0.8284119959331651,2,"48.8938640591,2.13039312004"
94058,94170,LE PERREUX-SUR-MARNE,VAL-DE-MARNE,32.2,1328,0.9387432401542329,2,1.330300898770704,3,"48.8423952383,2.50406848573"
77514,77270,VILLEPARISIS,SEINE-ET-MARNE,24.1,438,-0.21996005952496359,0,-0.7783025294821341,2,"48.9419981883,2.61700200964"
95598,95230,SOISY-SOUS-MONTMORENCY,VAL-D'OISE,17.2,155,-0.6801997067644827,0,-0.7420732652578679,2,"48.9884077875,2.30049978342"
75105,75005,PARIS-5E-ARRONDISSEMENT,PARIS,61.5,9,-1.1255028914890728,0,0.3903289036674767,1,"48.8445086596,2.34985938556"
94073,94320,THIAIS,VAL-DE-MARNE,29.5,958,0.49834388557506526,2,1.4689726477331164,3,"48.7607841928,2.38537729524"
95203,95600,EAUBONNE,VAL-D'OISE,23.9,534,-0.010560181227311565,2,-0.785642566776832,2,"48.9909940165,2.27800925488"
92035,92250,LA GARENNE-COLOMBES,HAUTS-DE-SEINE,27.1,699,0.16274643702000485,2,1.1803449366271757,1,"48.9067577111,2.24464604084"
93072,93240,STAINS,SEINE-SAINT-DENIS,34.0,409,-0.5286164531910269,0,0.179505011219676,1,"48.9567775699,2.3854495629"
95555,95210,SAINT-GRATIEN,VAL-D'OISE,20.3,200,-0.6379768813000655,0,-0.5197007083326417,2,"48.9689724948,2.28518003438"
92024,92110,CLICHY,HAUTS-DE-SEINE,58.2,2936,1.4010852635340978,1,2.4916446880532033,3,"48.9035359139,2.30575230452"
92002,92160,ANTONY,HAUTS-DE-SEINE,61.4,778,-0.49638899346355064,0,0.5766019052559794,1,"48.7503412602,2.2993268102"
92060,92350,LE PLESSIS-ROBINSON,HAUTS-DE-SEINE,26.6,461,-0.2623263418346044,0,-0.12427140194695054,2,"48.7804383642,2.26064286011"
75106,75006,PARIS-6E-ARRONDISSEMENT,PARIS,43.1,49,-1.0757476001564625,0,0.2825134233115356,1,"48.8489680919,2.33267089859"
92071,92330,SCEAUX,HAUTS-DE-SEINE,19.3,376,-0.15427967905708515,0,0.379134815161708,1,"48.776816369,2.29529414514"
77122,77380,COMBS-LA-VILLE,SEINE-ET-MARNE,21.4,588,0.2472975206932807,2,-0.9030792520676564,2,"48.657908631,2.57516916269"
91386,91540,MENNECY,ESSONNE,13.3,472,0.649744352222832,2,-0.9033980644572235,2,"48.5586242184,2.43753236038"
93014,93390,CLICHY-SOUS-BOIS,SEINE-SAINT-DENIS,30.0,51,-1.047462641943252,0,0.522272127889883,1,"48.9076285106,2.5462022266"
95500,95000/95300,PONTOISE,VAL-D'OISE,29.8,559,-0.19061991995754837,0,-0.903426602165159,2,"49.0513737853,2.09487928948"
95607,95150,TAVERNY,VAL-D'OISE,26.1,282,-0.5901387952668896,0,-0.8954562226638676,2,"49.0267316203,2.22116067166"
78208,78990,ELANCOURT,YVELINES,27.3,260,-0.6544728111411513,0,-0.900392810799392,2,"48.7781596518,1.96049898519"
75117,75017,PARIS-17E-ARRONDISSEMENT,PARIS,168.5,710,-0.9212020481201216,0,2.1418877405371584,1,"48.8873371665,2.30748555949"
92046,92240,MALAKOFF,HAUTS-DE-SEINE,31.0,361,-0.5479172757821557,0,1.415895764772808,1,"48.8169695977,2.29693599517"
93061,93310,LE PRE-SAINT-GERVAIS,SEINE-SAINT-DENIS,18.1,88,-0.8886415284123852,0,0.3253672501499257,1,"48.8846734877,2.40542232961"
78123,78955,CARRIERES-SOUS-POISSY,YVELINES,15.0,642,1.0169898575958263,2,-0.9032119641412689,0,"48.9455638989,2.02913706544"
93047,93370,MONTFERMEIL,SEINE-SAINT-DENIS,24.7,788,0.4696253421069636,2,0.3135464332250493,2,"48.8982616679,2.56714354796"
94004,94470,BOISSY-SAINT-LEGER,VAL-DE-MARNE,16.2,394,0.08878920938858509,2,-0.8141459124712638,2,"48.7470359922,2.52528049019"
94037,94250,GENTILLY,VAL-DE-MARNE,17.5,719,0.9308811922301369,2,2.5280174773539112,3,"48.8132044389,2.34420659702"
93050,93330,NEUILLY-SUR-MARNE,SEINE-SAINT-DENIS,33.2,2132,2.0927587759898287,1,-0.07528696620027509,0,"48.8624578581,2.54000288785"
77243,77400,LAGNY-SUR-MARNE,SEINE-ET-MARNE,20.2,583,0.31685339587166844,2,-0.9007999506614135,2,"48.8730701858,2.70978081313"
75120,75020,PARIS-20E-ARRONDISSEMENT,PARIS,197.1,730,-0.9468166345136789,0,-0.23626786399206884,2,"48.8631867774,2.40081982673"
94015,94360,BRY-SUR-MARNE,VAL-DE-MARNE,15.3,669,1.063477209026445,1,0.6654385600750635,3,"48.8384095661,2.52319657626"
94059,94420,LE PLESSIS-TREVISE,VAL-DE-MARNE,18.9,645,0.5813443695242347,2,-0.5828548387098702,2,"48.8060154583,2.57619846918"
77108,77500,CHELLES,SEINE-ET-MARNE,52.6,729,-0.4367003473231666,0,-0.017240167813873122,2,"48.883962967,2.59686448583"
78640,78140,VELIZY-VILLACOUBLAY,YVELINES,19.9,695,0.6214098672416277,2,-0.5753736601878795,2,"48.783985823,2.19707485523"
95063,95870,BEZONS,VAL-D'OISE,28.0,2478,3.3125003011222467,3,-0.17841094846355987,0,"48.9259810125,2.21133387765"
95313,95290,L'ISLE-ADAM,VAL-D'OISE,11.6,335,0.31775371817341397,2,-0.9033524921498386,2,"49.1072255924,2.23436241795"
95127,95000/95800,CERGY,VAL-D'OISE,57.2,2753,1.2846840478018748,1,-0.9034866228788371,0,"49.0401131567,2.05082123731"
78517,78120,RAMBOUILLET,YVELINES,26.1,560,-0.05512211676468599,2,-0.9035131142601145,2,"48.6539051954,1.82652871851"
78586,78500,SARTROUVILLE,YVELINES,51.5,1394,0.2267696799596035,2,-0.7545969115989201,2,"48.9396085498,2.17458686513"
92036,92230,GENNEVILLIERS,HAUTS-DE-SEINE,41.4,819,-0.13917346228910754,2,1.1175587481301397,1,"48.9345190548,2.29384987973"
93073,93290,TREMBLAY-EN-FRANCE,SEINE-SAINT-DENIS,35.0,474,-0.45259607903975146,0,0.045980617160971855,2,"48.9784304121,2.55468501543"
94052,94130,NOGENT-SUR-MARNE,VAL-DE-MARNE,31.0,456,-0.3939866744177396,0,1.1656975997746095,1,"48.8366634713,2.48166741533"
92025,92700,COLOMBES,HAUTS-DE-SEINE,84.6,2771,0.5123864321208959,2,0.5455249070634377,3,"48.9225179147,2.24675160629"
78146,78400,CHATOU,YVELINES,29.8,157,-0.8682191154001505,0,-0.6735100553534953,2,"48.8965574645,2.15393458329"
78418,78360,MONTESSON,YVELINES,15.4,316,-0.1021602902417752,2,-0.8284588996580288,2,"48.9172263937,2.1399267913"
93048,93100,MONTREUIL,SEINE-SAINT-DENIS,103.2,2948,0.30201083630977554,2,0.15943399592352872,2,"48.8633175054,2.44816211857"
91549,91700,SAINTE-GENEVIEVE-DES-BOIS,ESSONNE,34.1,524,-0.3609910223714871,0,-0.8738151995094569,2,"48.6412523804,2.33019417891"
92072,92310,SEVRES,HAUTS-DE-SEINE,22.9,153,-0.7972558713079346,0,0.23221673696510686,1,"48.821476509,2.21052297438"
95680,95400,VILLIERS-LE-BEL,VAL-D'OISE,27.0,699,0.16754500821674365,2,-0.7672223558186685,2,"49.0084494157,2.40385604039"
94038,94240,L'HAY-LES-ROSES,VAL-DE-MARNE,29.8,303,-0.6221258542726433,0,1.9444149011760248,1,"48.7763207843,2.33772915609"
94074,94460,VALENTON,VAL-DE-MARNE,12.2,151,-0.5111546006840982,0,-0.47813467127414283,2,"48.752872402,2.46129479573"
92050,92000,NANTERRE,HAUTS-DE-SEINE,90.0,1340,-0.38498490806993185,0,1.1423235502215021,1,"48.8960701282,2.20671346353"
95424,95370,MONTIGNY-LES-CORMEILLES,VAL-D'OISE,18.7,230,-0.515051644059384,0,-0.881547696907042,2,"48.9938035561,2.19351793046"
77288,77000,MELUN,SEINE-ET-MARNE,39.4,2150,1.6081228255044187,1,-0.903513421403037,0,"48.5444723553,2.65795821917"
94041,94200,IVRY-SUR-SEINE,VAL-DE-MARNE,57.3,3772,2.173734740279779,1,0.8865440091331638,0,"48.8128063812,2.38778023612"
77390,77680,ROISSY-EN-BRIE,SEINE-ET-MARNE,22.2,501,0.000714944139392506,2,-0.8933324069405039,2,"48.7900855424,2.66122415764"
75110,75010,PARIS-10E-ARRONDISSEMENT,PARIS,95.9,103,-1.078904836179091,0,0.2672022247384262,1,"48.8760285569,2.36111290456"
78490,78370,PLAISIR,YVELINES,30.7,212,-0.785988581819331,0,-0.9025475949154863,2,"48.8126082296,1.94698515715"
78311,78800,HOUILLES,YVELINES,31.0,537,-0.26274063877417136,0,-0.5164329110905019,2,"48.9265781359,2.1874640255"
75118,75018,PARIS-18E-ARRONDISSEMENT,PARIS,200.6,1289,-0.8100896532887918,0,1.3489966363260413,1,"48.8927350746,2.34871193387"
75107,75007,PARIS-7E-ARRONDISSEMENT,PARIS,57.4,279,-0.8887043862191474,0,0.2952614298424417,1,"48.8560825982,2.31243868773"
78498,78300,POISSY,YVELINES,37.8,927,0.09897705643886522,2,-0.9028832259761541,2,"48.9235359371,2.02715552772"
78124,78420,CARRIERES-SUR-SEINE,YVELINES,15.2,188,-0.5115879347890502,0,-0.40946455894619077,2,"48.9119335064,2.17838235323"
93059,93380,PIERREFITTE-SUR-SEINE,SEINE-SAINT-DENIS,28.3,412,-0.4015901885945092,0,-0.11558963327680025,2,"48.9609833355,2.36328125445"
93051,93160,NOISY-LE-GRAND,SEINE-SAINT-DENIS,63.4,3972,2.0140470790909792,1,0.009109661380928287,0,"48.8361825401,2.56443736814"
94016,94230,CACHAN,VAL-DE-MARNE,27.8,391,-0.42638145023465535,0,2.62703332360437,1,"48.7916121646,2.33153313164"
92014,92340,BOURG-LA-REINE,HAUTS-DE-SEINE,19.8,341,-0.26778156966215777,0,1.1684787002801729,1,"48.7799073627,2.31643010763"
93062,93340,LE RAINCY,SEINE-SAINT-DENIS,13.8,307,-0.015418425649584434,2,0.1999990353098362,2,"48.8967447585,2.51973664021"
75108,75008,PARIS-8E-ARRONDISSEMENT,PARIS,40.3,103,-1.0044742411424241,0,0.9520573771254989,1,"48.8725272666,2.31258256042"
77083,77420,CHAMPS-SUR-MARNE,SEINE-ET-MARNE,24.3,1537,2.0442448454704905,1,0.015510341334994541,0,"48.8483311726,2.59610325483"
93030,93440,DUGNY,SEINE-SAINT-DENIS,10.5,1139,4.3159040815788785,3,1.1858902391601363,0,"48.9503408732,2.4238637503"
78015,78570,ANDRESY,YVELINES,12.2,476,0.8269394747475041,2,-0.903302055149192,2,"48.9815454378,2.05025746939"
77333,77140,NEMOURS,SEINE-ET-MARNE,12.7,119,-0.6621946671692326,0,-0.9035136627947511,2,"48.2596067909,2.71107993087"
92048,92190/92360,MEUDON,HAUTS-DE-SEINE,44.7,1760,0.8448818273179508,2,0.011538284408545629,0,"48.8037275796,2.22696287829"
75119,75019,PARIS-19E-ARRONDISSEMENT,PARIS,184.8,1429,-0.744441013150219,0,0.46769389783719567,1,"48.886868623,2.38469432787"
78073,78390,BOIS-D'ARCY,YVELINES,13.6,851,2.0102140287201804,1,-0.8607697974091324,0,"48.8044185716,2.01911294303"
78172,78700,CONFLANS-SAINTE-HONORINE,YVELINES,35.3,540,-0.36446284378485433,0,-0.9026896531742568,2,"49.0001007823,2.0990719052"
92062,92800,PUTEAUX,HAUTS-DE-SEINE,44.9,780,-0.260261437265175,0,1.464150527520226,1,"48.8837094969,2.23834178314"
92026,92400,COURBEVOIE,HAUTS-DE-SEINE,86.9,2147,0.10815648625360409,2,1.4073969127510435,1,"48.8984504771,2.25570587289"
93063,93230,ROMAINVILLE,SEINE-SAINT-DENIS,25.8,2187,3.1250138577723785,3,0.6383590190867824,0,"48.8852118968,2.43767884231"
92073,92150,SURESNES,HAUTS-DE-SEINE,46.1,1760,0.7848206253578808,2,1.119158779102513,3,"48.8698479132,2.21965517625"
95582,95110,SANNOIS,VAL-D'OISE,25.9,655,0.13744147329438933,2,-0.6893061304881104,2,"48.9717773111,2.25299514112"
93005,93600,AULNAY-SOUS-BOIS,SEINE-SAINT-DENIS,82.5,1073,-0.4795593355833665,0,1.3408528077663096,1,"48.9458384367,2.49329041687"
93027,93120,LA COURNEUVE,SEINE-SAINT-DENIS,37.7,255,-0.7931017207169764,0,1.7100806522121366,1,"48.9322569546,2.39978064801"
91182,91080,COURCOURONNES,ESSONNE,14.0,4,-1.1185021954329692,0,-0.8988844431598134,2,"48.6216349774,2.41288009058"
77407,77310,SAINT-FARGEAU-PONTHIERRY,SEINE-ET-MARNE,12.2,123,-0.6264365415976542,0,-0.9035080249552456,2,"48.5390914714,2.52499710746"
91377,91300,MASSY,ESSONNE,40.5,2561,2.043418059870918,1,0.4996109518547602,0,"48.7277896426,2.27513131903"
92040,92130,ISSY-LES-MOULINEAUX,HAUTS-DE-SEINE,64.0,1954,0.40073069448828225,2,1.4776876648134918,3,"48.82347434,2.26449823277"
94042,94340,JOINVILLE-LE-PONT,VAL-DE-MARNE,17.6,163,-0.6676554705254344,0,0.9124037276619305,1,"48.8193683216,2.47044977809"
77058,77600,BUSSY-SAINT-GEORGES,SEINE-ET-MARNE,22.2,1538,2.347043468186584,1,-0.9024241997643556,0,"48.8308269318,2.7225014237"
75111,75011,PARIS-11E-ARRONDISSEMENT,PARIS,152.7,214,-1.0624592719467956,0,-0.13481422202836285,2,"48.8594154976,2.37874106024"
92051,92200,NEUILLY-SUR-SEINE,HAUTS-DE-SEINE,60.5,112,-1.039865873653847,0,0.881273003352115,1,"48.8853719688,2.26642584746"
77487,77000,VAUX-LE-PENIL,SEINE-ET-MARNE,11.2,77,-0.7875224549574921,0,-0.9035136305091834,2,"48.5245871061,2.69727154378"
78686,78220,VIROFLAY,YVELINES,15.9,452,0.2950680473928341,2,-0.506010958363025,2,"48.802404069,2.17151291149"
91223,91150,ETAMPES,ESSONNE,22.2,713,0.4803886741277357,2,-0.9035133881125493,2,"48.4211282308,2.13838881712"
94028,94000,CRETEIL,VAL-DE-MARNE,89.4,1059,-0.5378474189732725,0,0.7516058507670197,1,"48.7837401836,2.45463530415"
95197,95170,DEUIL-LA-BARRE,VAL-D'OISE,21.7,437,-0.12130966941961654,2,-0.48255091311027803,2,"48.9712690171,2.32616290144"
91201,91210,DRAVEIL,ESSONNE,28.6,339,-0.5374701917647192,0,-0.8497866662309723,2,"48.6778413772,2.42197801862"
95018,95100,ARGENTEUIL,VAL-D'OISE,102.8,1305,-0.49520642886022587,0,-0.47010295343898895,2,"48.9511344629,2.2410409502"
91432,91420,MORANGIS,ESSONNE,11.9,417,0.6273066166621482,2,-0.34726697143495106,2,"48.702703885,2.33614296581"
95252,95130,FRANCONVILLE,VAL-D'OISE,33.3,1184,0.6531015739189803,2,-0.8482553331967108,2,"48.9884161105,2.2238932062"
78642,78480,VERNEUIL-SUR-SEINE,YVELINES,15.2,331,-0.03902953372582141,2,-0.9035081473702739,2,"48.9872093367,1.96276532174"
78158,78150,LE CHESNAY,YVELINES,29.2,383,-0.47401510021739024,0,-0.536480353052206,2,"48.8272397742,2.13014908209"
77014,77210,AVON,SEINE-ET-MARNE,13.9,308,-0.019843788036796057,2,-0.9035136627342268,2,"48.4129699101,2.73351873997"
92004,92600,ASNIERES-SUR-SEINE,HAUTS-DE-SEINE,81.6,4632,1.718436869932283,1,2.152856223269117,3,"48.9153530123,2.2880384663"
94017,94500,CHAMPIGNY-SUR-MARNE,VAL-DE-MARNE,75.1,3203,1.0094453134247616,2,0.9827550918069382,3,"48.817254364,2.51709815257"
93049,93360,NEUILLY-PLAISANCE,SEINE-SAINT-DENIS,20.3,740,0.6981904220286214,2,0.5745999882556664,3,"48.8643287852,2.51040249898"
91421,91230,MONTGERON,ESSONNE,22.9,295,-0.4857860960238862,0,-0.8685598476613388,2,"48.6951531801,2.46249881778"
93031,93800,EPINAY-SUR-SEINE,SEINE-SAINT-DENIS,53.8,687,-0.4914409378230495,0,-0.024681630528782722,2,"48.9550132062,2.31453043231"
78126,78170,LA CELLE-SAINT-CLOUD,YVELINES,20.8,119,-0.8454801254874963,0,-0.7173073486131276,2,"48.8469487124,2.13519126228"
92063,92500,RUEIL-MALMAISON,HAUTS-DE-SEINE,79.1,4277,1.58312185366511,1,-0.046266340801547505,0,"48.8691897371,2.1773406315"
93006,93170,BAGNOLET,SEINE-SAINT-DENIS,33.8,929,0.2477280921489024,2,-0.09411270052881122,2,"48.8690836308,2.42274096688"
94043,94270,LE KREMLIN-BICETRE,VAL-DE-MARNE,26.4,116,-0.91214609366145,0,2.752581707539292,1,"48.809220102,2.35657965243"
91103,91220,BRETIGNY-SUR-ORGE,ESSONNE,22.7,329,-0.40485071756409746,0,-0.8991300108930965,2,"48.6025113399,2.3021623232"
75112,75012,PARIS-12E-ARRONDISSEMENT,PARIS,142.9,442,-0.977488642300225,0,-0.2040709046921884,2,"48.8351562307,2.41980703497"
78005,78260,ACHERES,YVELINES,19.5,453,0.03402767298377975,2,-0.9019406624280996,2,"48.9717990892,2.09003871824"
91345,91160,LONGJUMEAU,ESSONNE,21.3,493,0.029746571121596926,2,-0.5461260961103926,2,"48.6900488045,2.30247056719"
93064,93110,ROSNY-SOUS-BOIS,SEINE-SAINT-DENIS,40.9,1830,1.1146005371832182,1,1.5967259936054106,3,"48.8745763768,2.4863404591"
94018,94220,CHARENTON-LE-PONT,VAL-DE-MARNE,28.8,83,-0.9880935891233926,0,0.086299415535738,1,"48.8228084978,2.40760915477"
95176,95240,CORMEILLES-EN-PARISIS,VAL-D'OISE,22.6,1165,1.456435445166205,1,-0.820611922891888,0,"48.9682249677,2.19921349468"
91521,91130,RIS-ORANGIS,ESSONNE,27.3,103,-0.9433412015641872,0,-0.8868246241566469,2,"48.6451939168,2.40793631766"
94054,94310,ORLY,VAL-DE-MARNE,20.9,271,-0.48154613252173073,0,0.4446621482919731,1,"48.7429320073,2.39468296999"
91477,91120,PALAISEAU,ESSONNE,30.3,763,0.13201377150016325,2,-0.21625636448671887,2,"48.7146765876,2.22881488083"
95019,95400,ARNOUVILLE,VAL-D'OISE,13.3,7,-1.106416785017693,0,-0.44719883975462527,2,"48.9858270233,2.41714370822"
94021,94550,CHEVILLY-LARUE,VAL-DE-MARNE,18.7,745,0.8682874947439903,2,2.394752735688742,3,"48.766848001,2.35306611234"
91114,91800,BRUNOY,ESSONNE,25.3,102,-0.9303453726196133,0,-0.8896765107249491,2,"48.6964396294,2.50394753271"
75101,75001,PARIS-1ER-ARRONDISSEMENT,PARIS,17.6,13,-1.0957519238650497,0,0.3096375478095119,1,"48.8626304852,2.33629344655"
78423,78180,MONTIGNY-LE-BRETONNEUX,YVELINES,33.7,236,-0.7810946540137083,0,-0.7764537403462559,2,"48.779658781,2.02952194549"
94076,94800,VILLEJUIF,VAL-DE-MARNE,55.3,3042,1.6302497881304394,1,3.1544074220510154,3,"48.7928547268,2.36006103249"
91161,91380,CHILLY-MAZARIN,ESSONNE,18.4,398,-0.04635708434948964,2,-0.1422998712193117,2,"48.7077663127,2.3111122334"
78621,78190,TRAPPES,YVELINES,28.6,702,0.10006423429531341,2,-0.8840623849160966,2,"48.7750019561,1.99344014312"
78335,78520,LIMAY,YVELINES,16.2,432,0.206612687226026,2,-0.9035136624425132,2,"48.9946438183,1.7398704848"
92049,92120,MONTROUGE,HAUTS-DE-SEINE,48.4,333,-0.7872630170703846,0,1.7622388899363883,1,"48.8153032159,2.31648921432"
93053,93130,NOISY-LE-SEC,SEINE-SAINT-DENIS,39.3,1686,1.0220512320888573,2,1.6041348484323925,3,"48.891322463,2.45913647372"
75109,75009,PARIS-9E-ARRONDISSEMENT,PARIS,60.3,58,-1.084539535753137,0,0.7965405007643824,1,"48.8768961624,2.33746024139"
91312,91430,IGNY,ESSONNE,10.1,147,-0.4017835238176411,0,-0.2898397407093781,2,"48.7362250613,2.22442021749"
95572,95310,SAINT-OUEN-L'AUMONE,VAL-D'OISE,23.5,278,-0.5386435642802724,0,-0.9031562941757645,2,"49.0441683455,2.12861303743"
78481,78230,LE PECQ,YVELINES,16.4,58,-0.9552109846877356,0,-0.8780924515666881,2,"48.8936170481,2.10503635898"
93010,93140,BONDY,SEINE-SAINT-DENIS,53.4,825,-0.3568285386255491,0,1.8714512226570117,1,"48.9023234526,2.4837276939"
93029,93700,DRANCY,SEINE-SAINT-DENIS,66.7,1205,-0.22540026858615766,0,1.8946437636913886,1,"48.9234246259,2.44492688692"
91434,91390,MORSANG-SUR-ORGE,ESSONNE,20.9,99,-0.894922105261859,0,-0.8430376938702996,2,"48.6562855194,2.35088739655"
92064,92210,SAINT-CLOUD,HAUTS-DE-SEINE,29.7,283,-0.654231204899721,0,0.8656789166333851,1,"48.8428741034,2.20864570316"
75113,75013,PARIS-13E-ARRONDISSEMENT,PARIS,182.0,1746,-0.6509769044486229,0,1.3054781352924558,1,"48.8287176845,2.36246822852"
95210,95880,ENGHIEN-LES-BAINS,VAL-D'OISE,11.9,38,-0.9724553363243903,0,-0.49275770104245353,2,"48.97016048,2.30485955429"
78358,78600,MAISONS-LAFFITTE,YVELINES,22.7,605,0.2058750598548403,2,-0.8642385491269898,2,"48.9523369002,2.15161594901"
94011,94380,BONNEUIL-SUR-MARNE,VAL-DE-MARNE,16.6,267,-0.32493756958650133,0,-0.31304410870706123,2,"48.7733620104,2.48799310463"
78545,78210,SAINT-CYR-L'ECOLE,YVELINES,17.5,1177,2.245471701989432,1,-0.6496048060037406,0,"48.8065759294,2.0659250703"
94077,94290,VILLENEUVE-LE-ROI,VAL-DE-MARNE,18.5,110,-0.8341888411337094,0,-0.30116307218942895,2,"48.7320914576,2.41037420069"
95199,95330,DOMONT,VAL-D'OISE,14.6,257,-0.24866820538558565,0,-0.8811159370551659,2,"49.0296655684,2.32290103729"
92075,92170,VANVES,HAUTS-DE-SEINE,26.5,795,0.3740460134571354,2,1.0849119456175644,3,"48.8215227089,2.28739490768"
91687,91170,VIRY-CHATILLON,ESSONNE,31.6,319,-0.6257851088855733,0,-0.7989391623409384,2,"48.6696168935,2.37374357641"
95427,95360,MONTMAGNY,VAL-D'OISE,14.2,113,-0.7331361114467333,0,-0.4222304474513195,2,"48.9699195841,2.3460753179"
78361,78200,MANTES-LA-JOLIE,YVELINES,43.1,414,-0.6503660073367155,0,-0.9035136627598893,2,"48.9981665392,1.69337806821"
94022,94600,CHOISY-LE-ROI,VAL-DE-MARNE,39.4,214,-0.8600308488201356,0,0.4937439812129968,1,"48.764315118,2.41742518222"
75102,75002,PARIS-2E-ARRONDISSEMENT,PARIS,22.4,8,-1.114914339231631,0,0.3168182897947663,1,"48.8679033789,2.34410716666"
94019,94430,CHENNEVIERES-SUR-MARNE,VAL-DE-MARNE,18.1,386,-0.06165060874206044,2,-0.360233644337782,2,"48.7976502878,2.54157630073"
93032,93220,GAGNY,SEINE-SAINT-DENIS,38.8,2039,1.5068099948944955,1,0.008324705381957485,0,"48.8820763119,2.5449484757"
77258,77185,LOGNES,SEINE-ET-MARNE,14.8,264,-0.236859285938283,0,-0.7827699448583114,2,"48.8332806021,2.63346363172"
77379,77160,PROVINS,SEINE-ET-MARNE,12.3,174,-0.4222830850681738,0,-0.9035136627948194,2,"48.5633093312,3.28756780085"
94033,94120,FONTENAY-SOUS-BOIS,VAL-DE-MARNE,53.3,755,-0.4213406700366324,0,0.9020971056151538,1,"48.8511046382,2.47395409774"
94044,94450,LIMEIL-BREVANNES,VAL-DE-MARNE,19.1,31,-1.0513285125880945,0,-0.7323467601401309,2,"48.7450357782,2.48936184357"
77445,77176,SAVIGNY-LE-TEMPLE,SEINE-ET-MARNE,28.1,537,-0.17294248034288187,0,-0.903496865241543,2,"48.5884785769,2.57373861268"
91272,91190,GIF-SUR-YVETTE,ESSONNE,20.8,560,0.21949230909377096,2,-0.6475127284327502,2,"48.6988273634,2.12788365005"
78688,78960,VOISINS-LE-BRETONNEUX,YVELINES,11.9,368,0.42047710730139176,2,-0.48065892083831463,2,"48.758677648,2.04850691768"
92020,92320,CHATILLON,HAUTS-DE-SEINE,32.4,412,-0.4941266348119876,0,1.0920484107972102,1,"48.8034091756,2.28799131883"
95306,95220,HERBLAY,VAL-D'OISE,25.8,440,-0.2762181481869773,0,-0.8987011749793508,2,"49.0007002763,2.14967680776"
78372,78160,MARLY-LE-ROI,YVELINES,16.6,366,-0.025373155326376493,2,-0.8613943255624144,2,"48.865007453,2.09125004298"
78383,78310,MAUREPAS,YVELINES,18.8,1048,1.6672010768327732,1,-0.9030822825091914,0,"48.7698393561,1.92404037065"
91027,91200,ATHIS-MONS,ESSONNE,30.6,791,0.16557508855428818,2,-0.31760913466827073,2,"48.7092445775,2.38660492325"
94080,94300,VINCENNES,VAL-DE-MARNE,48.7,595,-0.5191607584432597,0,-0.16289738116661215,2,"48.8473732045,2.43798650741"
95218,95610,ERAGNY,VAL-D'OISE,16.7,181,-0.5884447889275476,0,-0.9031132203031196,2,"49.0204587496,2.10136635847"
77294,77290,MITRY-MORY,SEINE-ET-MARNE,18.5,138,-0.7581650714352571,0,-0.6242633343750446,2,"48.9779450158,2.61244465751"
93007,93150,LE BLANC-MESNIL,SEINE-SAINT-DENIS,51.1,3896,2.696814262175767,1,1.7835261913774378,3,"48.9395475536,2.46112148528"
77479,77360,VAIRES-SUR-MARNE,SEINE-ET-MARNE,12.0,440,0.7089126659193542,2,-0.7548290801538654,2,"48.8697812117,2.63565952774"
95280,95190,GOUSSAINVILLE,VAL-D'OISE,31.0,302,-0.6435162945872106,0,-0.6907238567707226,2,"49.024343017,2.46619848866"
75103,75003,PARIS-3E-ARRONDISSEMENT,PARIS,35.7,103,-0.987932370954475,0,0.05924093866702934,1,"48.8630541318,2.35936105897"
91691,91330,YERRES,ESSONNE,28.9,101,-0.9573093775900468,0,-0.8608009775827907,2,"48.7157210712,2.49273020271"
91174,91100,CORBEIL-ESSONNES,ESSONNE,42.5,311,-0.7652883015374562,0,-0.9030165331242341,2,"48.6034809251,2.46934079002"
75114,75014,PARIS-14E-ARRONDISSEMENT,PARIS,137.2,894,-0.8055532625364957,0,0.9360907337851767,1,"48.8289932116,2.32710088326"
91471,91400,ORSAY,ESSONNE,16.2,286,-0.24607734261365813,0,0.2170672749459772,1,"48.7004093953,2.18737051177"
91589,91600,SAVIGNY-SUR-ORGE,ESSONNE,37.1,1433,0.8072967366292618,2,-0.6531494624413933,2,"48.684228392,2.34873862215"
77053,77170,BRIE-COMTE-ROBERT,SEINE-ET-MARNE,16.2,79,-0.8879049257329513,0,-0.9027117280850141,2,"48.6920490316,2.6140606052"
77350,77330,OZOIR-LA-FERRIERE,SEINE-ET-MARNE,20.4,1368,2.2355100908043077,1,-0.9016303336367076,0,"48.7635612396,2.67962508199"
95428,95160,MONTMORENCY,VAL-D'OISE,21.4,19,-1.0882569034481793,0,-0.7531706708445268,2,"48.9918643363,2.32119797848"
95277,95500,GONESSE,VAL-D'OISE,26.4,617,0.04108207293366461,2,0.07511197762293105,2,"48.9864903049,2.4569899628"
91570,91240,SAINT-MICHEL-SUR-ORGE,ESSONNE,20.1,191,-0.6555438149415205,0,-0.8839527853676467,2,"48.6320496004,2.31170277845"
92007,92220,BAGNEUX,HAUTS-DE-SEINE,38.5,1795,1.209037937289871,1,1.8794920747199855,3,"48.7983229866,2.30989995212"
94034,94260,FRESNES,VAL-DE-MARNE,25.4,445,-0.252840006794265,0,0.7564686785797791,1,"48.7571343016,2.32612839743"
77468,77200,TORCY,SEINE-ET-MARNE,22.2,407,-0.21197057812175962,0,-0.8412899293170758,2,"48.8532553496,2.65123227423"
94067,94160,SAINT-MANDE,VAL-DE-MARNE,22.6,227,-0.6283311665083625,0,-0.2789622748921722,2,"48.842440243,2.4192191088"
95219,95120,ERMONT,VAL-D'OISE,27.6,187,-0.7925272704842335,0,-0.8015491597661578,2,"48.98824217,2.25662443737"
95563,95320,SAINT-LEU-LA-FORET,VAL-D'OISE,14.8,562,0.7745283501629162,2,-0.8860334170119649,2,"49.0202164812,2.24676044206"
93008,93000,BOBIGNY,SEINE-SAINT-DENIS,48.5,2453,1.4076445464940082,1,1.9069900495818914,3,"48.907688244,2.43863982727"
77284,77100,MEAUX,SEINE-ET-MARNE,49.6,1745,0.6343103847843072,2,-0.9035135597927775,2,"48.9570625667,2.90003097245"
95637,95490,VAUREAL,VAL-D'OISE,16.1,42,-1.0018188780431325,0,-0.9034997045697809,2,"49.0295073382,2.02446619061"
92032,92260,FONTENAY-AUX-ROSES,HAUTS-DE-SEINE,23.7,403,-0.2787318576976083,0,0.5471870279361181,1,"48.7897301312,2.28723493557"
94081,94400,VITRY-SUR-SEINE,VAL-DE-MARNE,85.4,1021,-0.532328851131074,0,1.9038998175037711,1,"48.7882828307,2.39412680533"
78362,78711,MANTES-LA-VILLE,YVELINES,18.9,213,-0.5667696450419977,0,-0.9035136626325794,2,"48.9747939435,1.71205571778"
93055,93500,PANTIN,SEINE-SAINT-DENIS,52.2,947,-0.2215931368890759,0,1.1219526293941617,1,"48.8983093876,2.40872147475"
93066,93200/93210,SAINT-DENIS,SEINE-SAINT-DENIS,105.7,2721,0.16020027893723984,2,1.8052147179313107,3,"48.9295650455,2.3592429975"
78029,78410,AUBERGENVILLE,YVELINES,12.1,219,-0.22373238184048388,0,-0.9035135260703725,2,"48.9626916321,1.84870251915"
93077,93250,VILLEMOMBLE,SEINE-SAINT-DENIS,28.0,664,0.05831462554617972,2,0.48341253407527074,1,"48.8848370021,2.50893406035"
94078,94190,VILLENEUVE-SAINT-GEORGES,VAL-DE-MARNE,31.0,549,-0.24329676117772173,0,-0.571687143179842,2,"48.7413809637,2.448998846"
95585,95200,SARCELLES,VAL-D'OISE,59.4,1544,0.1727877631958043,2,-0.6687914829095558,2,"48.9902250437,2.38160272749"
77152,77190,DAMMARIE-LES-LYS,SEINE-ET-MARNE,20.1,621,0.41902802238267634,2,-0.9035135421876094,2,"48.5138338655,2.62854374259"
91215,91860,EPINAY-SOUS-SENART,ESSONNE,12.4,2,-1.1247520099310002,0,-0.8966134153004776,2,"48.6871527113,2.51577225487"
77251,77127,LIEUSAINT,SEINE-ET-MARNE,10.4,285,0.2436412798796201,2,-0.9033366131922176,2,"48.6259910244,2.54994732668"
75115,75015,PARIS-15E-ARRONDISSEMENT,PARIS,236.5,441,-1.0391900944666683,0,0.37914291403907163,1,"48.8401554186,2.29355937244"
92077,92410,VILLE-D'AVRAY,HAUTS-DE-SEINE,10.7,78,-0.7666910944993937,0,-0.47249631739444536,2,"48.8215895592,2.17761311514"
77186,77300,FONTAINEBLEAU,SEINE-ET-MARNE,15.3,281,-0.21032901188970518,0,-0.903513662608583,2,"48.4066856508,2.68031396389"
77131,77120,COULOMMIERS,SEINE-ET-MARNE,14.2,301,-0.06811932703392526,2,-0.9035136627930859,2,"48.8122991656,3.09124381847"
93045,93260,LES LILAS,SEINE-SAINT-DENIS,22.4,57,-1.0050362343381867,0,0.2634555050502455,1,"48.8819208939,2.419667821"
94002,94140,ALFORTVILLE,VAL-DE-MARNE,44.3,1299,0.3400302657031728,2,1.0906095222328425,3,"48.7960843864,2.42124593241"
94060,94510,LA QUEUE-EN-BRIE,VAL-DE-MARNE,11.3,11,-1.083957174297312,0,-0.8206964042260094,2,"48.7775866104,2.58385577608"
92044,92300,LEVALLOIS-PERRET,HAUTS-DE-SEINE,63.4,832,-0.47368408459763445,0,1.420985474960468,1,"48.895071672,2.28688268127"
94068,94100/94210,SAINT-MAUR-DES-FOSSES,VAL-DE-MARNE,75.3,2631,0.6221942085014892,2,0.5215419841403585,3,"48.7990677797,2.49386450452"
94046,94700,MAISONS-ALFORT,VAL-DE-MARNE,52.6,170,-0.9705133495581633,0,0.8387709420128827,1,"48.8063923267,2.43818248906"
93001,93300,AUBERVILLIERS,SEINE-SAINT-DENIS,74.7,707,-0.6574506457392699,0,2.3661081784081603,1,"48.9121722626,2.38445513768"
78440,78130,LES MUREAUX,YVELINES,31.5,248,-0.7373921234299984,0,-0.903512873346511,2,"48.9888041078,1.91363448925"
93078,93420,VILLEPINTE,SEINE-SAINT-DENIS,35.7,1668,1.214026377840582,1,0.7297300522932383,3,"48.9590202538,2.53630634206"
91326,91260,JUVISY-SUR-ORGE,ESSONNE,14.3,875,1.9406596604414275,1,-0.5717687753434534,0,"48.6918789321,2.37393682594"
78165,78340,LES CLAYES-SOUS-BOIS,YVELINES,17.5,204,-0.5473154702980443,0,-0.8979898262691046,2,"48.8186406601,1.9840595554"
91645,91370,VERRIERES-LE-BUISSON,ESSONNE,15.5,178,-0.5560189458631631,0,-0.21050292986515007,2,"48.75044312,2.25171297214"
77296,77550,MOISSY-CRAMAYEL,SEINE-ET-MARNE,17.0,515,0.38881950678577126,2,-0.9034488833515545,2,"48.6285851533,2.5960231045"
78624,78510,TRIEL-SUR-SEINE,YVELINES,11.6,84,-0.76911922717977,0,-0.9034690734063411,2,"48.9780282513,2.00877051663"
77285,77350,LE MEE-SUR-SEINE,SEINE-ET-MARNE,20.5,78,-0.9417346456336458,0,-0.9035132583347,2,"48.5394588477,2.62902482677"
94071,94370,SUCY-EN-BRIE,VAL-DE-MARNE,25.9,289,-0.5723722978838125,0,-0.7285273638426356,2,"48.7656456593,2.5330560803"
95476,95520,OSNY,VAL-D'OISE,16.0,484,0.3866035104129692,2,-0.9034993422133899,2,"49.0676589923,2.06311678451"
95487,95340,PERSAN,VAL-D'OISE,10.4,106,-0.6208941145112395,0,-0.9034871621601956,2,"49.1497441715,2.26978393249"
93070,93400,SAINT-OUEN,SEINE-SAINT-DENIS,46.5,5536,4.847215494799306,3,3.4106512618581073,3,"48.909806575,2.33257042205"
77373,77340,PONTAULT-COMBAULT,SEINE-ET-MARNE,35.3,1309,0.7297824724101325,2,-0.8465830506680879,2,"48.7871411658,2.61407436985"
78190,78290,CROISSY-SUR-SEINE,YVELINES,10.1,252,0.12040943879326498,2,-0.7889744044059728,2,"48.8787825592,2.13541164589"
78242,78330,FONTENAY-LE-FLEURY,YVELINES,12.6,228,-0.22393003684256882,0,-0.8174295766183444,2,"48.8177984988,2.04662335413"
92022,92370,CHAVILLE,HAUTS-DE-SEINE,18.6,329,-0.2443770072958503,0,-0.4436433254573689,2,"48.8076083562,2.19234061062"
94079,94350,VILLIERS-SUR-MARNE,VAL-DE-MARNE,27.3,2093,2.7181122793127392,1,0.0695923758760395,0,"48.8259586165,2.54520483293"
75104,75004,PARIS-4E-ARRONDISSEMENT,PARIS,28.2,218,-0.744550881202585,0,0.10807964679176811,1,"48.854228282,2.35736193814"
78297,78280,GUYANCOURT,YVELINES,28.2,567,-0.12291029821159499,2,0.019118257240513605,2,"48.7730783892,2.07605207737"
78646,78000,VERSAILLES,YVELINES,86.5,743,-0.7013983187555528,0,0.036822009918922885,2,"48.8025669671,2.11789297191"
91021,91290,ARPAJON,ESSONNE,10.4,144,-0.4373614744228973,0,-0.900420297288381,2,"48.5908921647,2.24349117607"
92033,92380,GARCHES,HAUTS-DE-SEINE,18.3,569,0.42894221645929503,2,-0.06804969693603007,2,"48.8450113548,2.18665007789"
92019,92290,CHATENAY-MALABRY,HAUTS-DE-SEINE,32.4,1674,1.4623622823494313,1,-0.21872221566029254,0,"48.7681690197,2.26282598525"
95539,95350,SAINT-BRICE-SOUS-FORET,VAL-D'OISE,14.2,6,-1.1116296832919914,0,-0.7978504097615221,2,"49.0019033624,2.35030688962"
77337,77186,NOISIEL,SEINE-ET-MARNE,15.5,355,0.017575091622185377,2,-0.609764519119314,2,"48.8460926469,2.61997100426"
91692,91940,LES ULIS,ESSONNE,24.7,55,-1.0210054726189521,0,-0.4549097158508218,2,"48.680321482,2.18518955"
91216,91360,EPINAY-SUR-ORGE,ESSONNE,10.1,319,0.4536182505073744,2,-0.7576904792470653,2,"48.672618112,2.31834586071"
