Insee code,Postal code,City Name,Department,Population,Number of Building Permit,Building Score,GeoPoint
94069,94410,SAINT-MAURICE,VAL-DE-MARNE,14.4,224,15.555556,"48.8184921372,2.4374501342"
92009,92270,BOIS-COLOMBES,HAUTS-DE-SEINE,28.2,46,1.6312057,"48.9153368426,2.26738552597"
95268,95140,GARGES-LES-GONESSE,VAL-D'OISE,40.2,302,7.512438,"48.9701231267,2.40534038501"
94003,94110,ARCUEIL,VAL-DE-MARNE,19.5,503,25.794872,"48.8058803597,2.33351024984"
91228,91000,EVRY,ESSONNE,52.4,753,14.370229,"48.6294831659,2.44008244492"
93071,93270,SEVRAN,SEINE-SAINT-DENIS,50.0,534,10.68,"48.9386070153,2.53124057567"
93079,93430,VILLETANEUSE,SEINE-SAINT-DENIS,12.8,119,9.296875,"48.9572976501,2.34506633651"
77305,77130,MONTEREAU-FAULT-YONNE,SEINE-ET-MARNE,16.3,288,17.668713,"48.3898830911,2.96155479657"
78551,78100,SAINT-GERMAIN-EN-LAYE,YVELINES,40.9,820,20.048899,"48.9407041394,2.09870929375"
92012,92100,BOULOGNE-BILLANCOURT,HAUTS-DE-SEINE,113.1,777,6.8700266,"48.8365843138,2.23913599058"
95323,95280,JOUY-LE-MOUTIER,VAL-D'OISE,16.7,468,28.02395,"49.0113625056,2.03408317867"
91657,91270,VIGNEUX-SUR-SEINE,ESSONNE,27.1,418,15.424354,"48.7037445355,2.42793203784"
75116,75016,PARIS-16E-ARRONDISSEMENT,PARIS,169.4,131,0.77331764,"48.8603987604,2.2620995594"
77118,77410,CLAYE-SOUILLY,SEINE-ET-MARNE,11.1,626,56.396393,"48.9429697515,2.67523211808"
93057,93320,LES PAVILLONS-SOUS-BOIS,SEINE-SAINT-DENIS,21.2,829,39.10377,"48.9082060253,2.50297448267"
91286,91350,GRIGNY,ESSONNE,26.9,308,11.449814,"48.6568896116,2.38789647858"
93013,93350,LE BOURGET,SEINE-SAINT-DENIS,14.3,365,25.524475,"48.9361847458,2.42827855593"
92023,92140,CLAMART,HAUTS-DE-SEINE,52.6,5204,98.93536,"48.7964306792,2.25474652922"
93046,93190,LIVRY-GARGAN,SEINE-SAINT-DENIS,41.2,1843,44.73301,"48.9197633213,2.53486592332"
92078,92390,VILLENEUVE-LA-GARENNE,HAUTS-DE-SEINE,24.9,137,5.502008,"48.9364061917,2.32448995943"
78650,78110,LE VESINET,YVELINES,16.2,632,39.012344,"48.8938640591,2.13039312004"
94058,94170,LE PERREUX-SUR-MARNE,VAL-DE-MARNE,32.2,1328,41.242233,"48.8423952383,2.50406848573"
77514,77270,VILLEPARISIS,SEINE-ET-MARNE,24.1,438,18.174274,"48.9419981883,2.61700200964"
95598,95230,SOISY-SOUS-MONTMORENCY,VAL-D'OISE,17.2,155,9.011627,"48.9884077875,2.30049978342"
75105,75005,PARIS-5E-ARRONDISSEMENT,PARIS,61.5,9,0.14634146,"48.8445086596,2.34985938556"
94073,94320,THIAIS,VAL-DE-MARNE,29.5,958,32.474575,"48.7607841928,2.38537729524"
95203,95600,EAUBONNE,VAL-D'OISE,23.9,534,22.343096,"48.9909940165,2.27800925488"
92035,92250,LA GARENNE-COLOMBES,HAUTS-DE-SEINE,27.1,699,25.793358,"48.9067577111,2.24464604084"
93072,93240,STAINS,SEINE-SAINT-DENIS,34.0,409,12.029411,"48.9567775699,2.3854495629"
95555,95210,SAINT-GRATIEN,VAL-D'OISE,20.3,200,9.852217,"48.9689724948,2.28518003438"
92024,92110,CLICHY,HAUTS-DE-SEINE,58.2,2936,50.446735,"48.9035359139,2.30575230452"
92002,92160,ANTONY,HAUTS-DE-SEINE,61.4,778,12.671009,"48.7503412602,2.2993268102"
92060,92350,LE PLESSIS-ROBINSON,HAUTS-DE-SEINE,26.6,461,17.330828,"48.7804383642,2.26064286011"
75106,75006,PARIS-6E-ARRONDISSEMENT,PARIS,43.1,49,1.136891,"48.8489680919,2.33267089859"
92071,92330,SCEAUX,HAUTS-DE-SEINE,19.3,376,19.481867,"48.776816369,2.29529414514"
77122,77380,COMBS-LA-VILLE,SEINE-ET-MARNE,21.4,588,27.476637,"48.657908631,2.57516916269"
91386,91540,MENNECY,ESSONNE,13.3,472,35.48872,"48.5586242184,2.43753236038"
93014,93390,CLICHY-SOUS-BOIS,SEINE-SAINT-DENIS,30.0,51,1.7,"48.9076285106,2.5462022266"
95500,95000/95300,PONTOISE,VAL-D'OISE,29.8,559,18.75839,"49.0513737853,2.09487928948"
95607,95150,TAVERNY,VAL-D'OISE,26.1,282,10.804598,"49.0267316203,2.22116067166"
78208,78990,ELANCOURT,YVELINES,27.3,260,9.523809,"48.7781596518,1.96049898519"
75117,75017,PARIS-17E-ARRONDISSEMENT,PARIS,168.5,710,4.2136497,"48.8873371665,2.30748555949"
92046,92240,MALAKOFF,HAUTS-DE-SEINE,31.0,361,11.645162,"48.8169695977,2.29693599517"
93061,93310,LE PRE-SAINT-GERVAIS,SEINE-SAINT-DENIS,18.1,88,4.8618784,"48.8846734877,2.40542232961"
78123,78955,CARRIERES-SOUS-POISSY,YVELINES,15.0,642,42.8,"48.9455638989,2.02913706544"
93047,93370,MONTFERMEIL,SEINE-SAINT-DENIS,24.7,788,31.902834,"48.8982616679,2.56714354796"
94004,94470,BOISSY-SAINT-LEGER,VAL-DE-MARNE,16.2,394,24.320986,"48.7470359922,2.52528049019"
94037,94250,GENTILLY,VAL-DE-MARNE,17.5,719,41.085712,"48.8132044389,2.34420659702"
93050,93330,NEUILLY-SUR-MARNE,SEINE-SAINT-DENIS,33.2,2132,64.216866,"48.8624578581,2.54000288785"
77243,77400,LAGNY-SUR-MARNE,SEINE-ET-MARNE,20.2,583,28.861385,"48.8730701858,2.70978081313"
75120,75020,PARIS-20E-ARRONDISSEMENT,PARIS,197.1,730,3.7037036,"48.8631867774,2.40081982673"
94015,94360,BRY-SUR-MARNE,VAL-DE-MARNE,15.3,669,43.72549,"48.8384095661,2.52319657626"
94059,94420,LE PLESSIS-TREVISE,VAL-DE-MARNE,18.9,645,34.126984,"48.8060154583,2.57619846918"
77108,77500,CHELLES,SEINE-ET-MARNE,52.6,729,13.859316,"48.883962967,2.59686448583"
78640,78140,VELIZY-VILLACOUBLAY,YVELINES,19.9,695,34.924625,"48.783985823,2.19707485523"
95063,95870,BEZONS,VAL-D'OISE,28.0,2478,88.5,"48.9259810125,2.21133387765"
95313,95290,L'ISLE-ADAM,VAL-D'OISE,11.6,335,28.879309,"49.1072255924,2.23436241795"
95127,95000/95800,CERGY,VAL-D'OISE,57.2,2753,48.12937,"49.0401131567,2.05082123731"
78517,78120,RAMBOUILLET,YVELINES,26.1,560,21.455938,"48.6539051954,1.82652871851"
78586,78500,SARTROUVILLE,YVELINES,51.5,1394,27.06796,"48.9396085498,2.17458686513"
92036,92230,GENNEVILLIERS,HAUTS-DE-SEINE,41.4,819,19.782608,"48.9345190548,2.29384987973"
93073,93290,TREMBLAY-EN-FRANCE,SEINE-SAINT-DENIS,35.0,474,13.542857,"48.9784304121,2.55468501543"
94052,94130,NOGENT-SUR-MARNE,VAL-DE-MARNE,31.0,456,14.709678,"48.8366634713,2.48166741533"
92025,92700,COLOMBES,HAUTS-DE-SEINE,84.6,2771,32.75414,"48.9225179147,2.24675160629"
78146,78400,CHATOU,YVELINES,29.8,157,5.2684565,"48.8965574645,2.15393458329"
78418,78360,MONTESSON,YVELINES,15.4,316,20.519482,"48.9172263937,2.1399267913"
93048,93100,MONTREUIL,SEINE-SAINT-DENIS,103.2,2948,28.565893,"48.8633175054,2.44816211857"
91549,91700,SAINTE-GENEVIEVE-DES-BOIS,ESSONNE,34.1,524,15.3665695,"48.6412523804,2.33019417891"
92072,92310,SEVRES,HAUTS-DE-SEINE,22.9,153,6.681223,"48.821476509,2.21052297438"
95680,95400,VILLIERS-LE-BEL,VAL-D'OISE,27.0,699,25.88889,"49.0084494157,2.40385604039"
94038,94240,L'HAY-LES-ROSES,VAL-DE-MARNE,29.8,303,10.167786,"48.7763207843,2.33772915609"
94074,94460,VALENTON,VAL-DE-MARNE,12.2,151,12.377049,"48.752872402,2.46129479573"
92050,92000,NANTERRE,HAUTS-DE-SEINE,90.0,1340,14.888889,"48.8960701282,2.20671346353"
95424,95370,MONTIGNY-LES-CORMEILLES,VAL-D'OISE,18.7,230,12.299465,"48.9938035561,2.19351793046"
77288,77000,MELUN,SEINE-ET-MARNE,39.4,2150,54.568527,"48.5444723553,2.65795821917"
94041,94200,IVRY-SUR-SEINE,VAL-DE-MARNE,57.3,3772,65.82897,"48.8128063812,2.38778023612"
77390,77680,ROISSY-EN-BRIE,SEINE-ET-MARNE,22.2,501,22.567566,"48.7900855424,2.66122415764"
75110,75010,PARIS-10E-ARRONDISSEMENT,PARIS,95.9,103,1.0740354,"48.8760285569,2.36111290456"
78490,78370,PLAISIR,YVELINES,30.7,212,6.905537,"48.8126082296,1.94698515715"
78311,78800,HOUILLES,YVELINES,31.0,537,17.32258,"48.9265781359,2.1874640255"
75118,75018,PARIS-18E-ARRONDISSEMENT,PARIS,200.6,1289,6.4257226,"48.8927350746,2.34871193387"
75107,75007,PARIS-7E-ARRONDISSEMENT,PARIS,57.4,279,4.860627,"48.8560825982,2.31243868773"
78498,78300,POISSY,YVELINES,37.8,927,24.52381,"48.9235359371,2.02715552772"
78124,78420,CARRIERES-SUR-SEINE,YVELINES,15.2,188,12.368422,"48.9119335064,2.17838235323"
93059,93380,PIERREFITTE-SUR-SEINE,SEINE-SAINT-DENIS,28.3,412,14.558304,"48.9609833355,2.36328125445"
93051,93160,NOISY-LE-GRAND,SEINE-SAINT-DENIS,63.4,3972,62.64984,"48.8361825401,2.56443736814"
94016,94230,CACHAN,VAL-DE-MARNE,27.8,391,14.064749,"48.7916121646,2.33153313164"
92014,92340,BOURG-LA-REINE,HAUTS-DE-SEINE,19.8,341,17.222223,"48.7799073627,2.31643010763"
93062,93340,LE RAINCY,SEINE-SAINT-DENIS,13.8,307,22.246376,"48.8967447585,2.51973664021"
75108,75008,PARIS-8E-ARRONDISSEMENT,PARIS,40.3,103,2.5558314,"48.8725272666,2.31258256042"
77083,77420,CHAMPS-SUR-MARNE,SEINE-ET-MARNE,24.3,1537,63.25103,"48.8483311726,2.59610325483"
93030,93440,DUGNY,SEINE-SAINT-DENIS,10.5,1139,108.47619,"48.9503408732,2.4238637503"
78015,78570,ANDRESY,YVELINES,12.2,476,39.016396,"48.9815454378,2.05025746939"
77333,77140,NEMOURS,SEINE-ET-MARNE,12.7,119,9.370079,"48.2596067909,2.71107993087"
92048,92190/92360,MEUDON,HAUTS-DE-SEINE,44.7,1760,39.3736,"48.8037275796,2.22696287829"
75119,75019,PARIS-19E-ARRONDISSEMENT,PARIS,184.8,1429,7.7326837,"48.886868623,2.38469432787"
78073,78390,BOIS-D'ARCY,YVELINES,13.6,851,62.57353,"48.8044185716,2.01911294303"
78172,78700,CONFLANS-SAINTE-HONORINE,YVELINES,35.3,540,15.297451,"49.0001007823,2.0990719052"
92062,92800,PUTEAUX,HAUTS-DE-SEINE,44.9,780,17.371937,"48.8837094969,2.23834178314"
92026,92400,COURBEVOIE,HAUTS-DE-SEINE,86.9,2147,24.706558,"48.8984504771,2.25570587289"
93063,93230,ROMAINVILLE,SEINE-SAINT-DENIS,25.8,2187,84.76744,"48.8852118968,2.43767884231"
92073,92150,SURESNES,HAUTS-DE-SEINE,46.1,1760,38.177876,"48.8698479132,2.21965517625"
95582,95110,SANNOIS,VAL-D'OISE,25.9,655,25.289576,"48.9717773111,2.25299514112"
93005,93600,AULNAY-SOUS-BOIS,SEINE-SAINT-DENIS,82.5,1073,13.006061,"48.9458384367,2.49329041687"
93027,93120,LA COURNEUVE,SEINE-SAINT-DENIS,37.7,255,6.7639256,"48.9322569546,2.39978064801"
91182,91080,COURCOURONNES,ESSONNE,14.0,4,0.2857143,"48.6216349774,2.41288009058"
77407,77310,SAINT-FARGEAU-PONTHIERRY,SEINE-ET-MARNE,12.2,123,10.081967,"48.5390914714,2.52499710746"
91377,91300,MASSY,ESSONNE,40.5,2561,63.23457,"48.7277896426,2.27513131903"
92040,92130,ISSY-LES-MOULINEAUX,HAUTS-DE-SEINE,64.0,1954,30.53125,"48.82347434,2.26449823277"
94042,94340,JOINVILLE-LE-PONT,VAL-DE-MARNE,17.6,163,9.261363,"48.8193683216,2.47044977809"
77058,77600,BUSSY-SAINT-GEORGES,SEINE-ET-MARNE,22.2,1538,69.279274,"48.8308269318,2.7225014237"
75111,75011,PARIS-11E-ARRONDISSEMENT,PARIS,152.7,214,1.4014407,"48.8594154976,2.37874106024"
92051,92200,NEUILLY-SUR-SEINE,HAUTS-DE-SEINE,60.5,112,1.8512397,"48.8853719688,2.26642584746"
77487,77000,VAUX-LE-PENIL,SEINE-ET-MARNE,11.2,77,6.875,"48.5245871061,2.69727154378"
78686,78220,VIROFLAY,YVELINES,15.9,452,28.427673,"48.802404069,2.17151291149"
91223,91150,ETAMPES,ESSONNE,22.2,713,32.117115,"48.4211282308,2.13838881712"
94028,94000,CRETEIL,VAL-DE-MARNE,89.4,1059,11.845637,"48.7837401836,2.45463530415"
95197,95170,DEUIL-LA-BARRE,VAL-D'OISE,21.7,437,20.138248,"48.9712690171,2.32616290144"
91201,91210,DRAVEIL,ESSONNE,28.6,339,11.853147,"48.6778413772,2.42197801862"
95018,95100,ARGENTEUIL,VAL-D'OISE,102.8,1305,12.694552,"48.9511344629,2.2410409502"
91432,91420,MORANGIS,ESSONNE,11.9,417,35.04202,"48.702703885,2.33614296581"
95252,95130,FRANCONVILLE,VAL-D'OISE,33.3,1184,35.555557,"48.9884161105,2.2238932062"
78642,78480,VERNEUIL-SUR-SEINE,YVELINES,15.2,331,21.776316,"48.9872093367,1.96276532174"
78158,78150,LE CHESNAY,YVELINES,29.2,383,13.116438,"48.8272397742,2.13014908209"
77014,77210,AVON,SEINE-ET-MARNE,13.9,308,22.158274,"48.4129699101,2.73351873997"
92004,92600,ASNIERES-SUR-SEINE,HAUTS-DE-SEINE,81.6,4632,56.764706,"48.9153530123,2.2880384663"
94017,94500,CHAMPIGNY-SUR-MARNE,VAL-DE-MARNE,75.1,3203,42.6498,"48.817254364,2.51709815257"
93049,93360,NEUILLY-PLAISANCE,SEINE-SAINT-DENIS,20.3,740,36.453205,"48.8643287852,2.51040249898"
91421,91230,MONTGERON,ESSONNE,22.9,295,12.882096,"48.6951531801,2.46249881778"
93031,93800,EPINAY-SUR-SEINE,SEINE-SAINT-DENIS,53.8,687,12.769517,"48.9550132062,2.31453043231"
78126,78170,LA CELLE-SAINT-CLOUD,YVELINES,20.8,119,5.721154,"48.8469487124,2.13519126228"
92063,92500,RUEIL-MALMAISON,HAUTS-DE-SEINE,79.1,4277,54.070797,"48.8691897371,2.1773406315"
93006,93170,BAGNOLET,SEINE-SAINT-DENIS,33.8,929,27.485209,"48.8690836308,2.42274096688"
94043,94270,LE KREMLIN-BICETRE,VAL-DE-MARNE,26.4,116,4.3939395,"48.809220102,2.35657965243"
91103,91220,BRETIGNY-SUR-ORGE,ESSONNE,22.7,329,14.493392,"48.6025113399,2.3021623232"
75112,75012,PARIS-12E-ARRONDISSEMENT,PARIS,142.9,442,3.0930722,"48.8351562307,2.41980703497"
78005,78260,ACHERES,YVELINES,19.5,453,23.23077,"48.9717990892,2.09003871824"
91345,91160,LONGJUMEAU,ESSONNE,21.3,493,23.14554,"48.6900488045,2.30247056719"
93064,93110,ROSNY-SOUS-BOIS,SEINE-SAINT-DENIS,40.9,1830,44.743275,"48.8745763768,2.4863404591"
94018,94220,CHARENTON-LE-PONT,VAL-DE-MARNE,28.8,83,2.8819444,"48.8228084978,2.40760915477"
95176,95240,CORMEILLES-EN-PARISIS,VAL-D'OISE,22.6,1165,51.54867,"48.9682249677,2.19921349468"
91521,91130,RIS-ORANGIS,ESSONNE,27.3,103,3.772894,"48.6451939168,2.40793631766"
94054,94310,ORLY,VAL-DE-MARNE,20.9,271,12.966507,"48.7429320073,2.39468296999"
91477,91120,PALAISEAU,ESSONNE,30.3,763,25.181519,"48.7146765876,2.22881488083"
95019,95400,ARNOUVILLE,VAL-D'OISE,13.3,7,0.5263158,"48.9858270233,2.41714370822"
94021,94550,CHEVILLY-LARUE,VAL-DE-MARNE,18.7,745,39.83957,"48.766848001,2.35306611234"
91114,91800,BRUNOY,ESSONNE,25.3,102,4.0316205,"48.6964396294,2.50394753271"
75101,75001,PARIS-1ER-ARRONDISSEMENT,PARIS,17.6,13,0.7386364,"48.8626304852,2.33629344655"
78423,78180,MONTIGNY-LE-BRETONNEUX,YVELINES,33.7,236,7.0029674,"48.779658781,2.02952194549"
94076,94800,VILLEJUIF,VAL-DE-MARNE,55.3,3042,55.00904,"48.7928547268,2.36006103249"
91161,91380,CHILLY-MAZARIN,ESSONNE,18.4,398,21.630436,"48.7077663127,2.3111122334"
78621,78190,TRAPPES,YVELINES,28.6,702,24.545454,"48.7750019561,1.99344014312"
78335,78520,LIMAY,YVELINES,16.2,432,26.666666,"48.9946438183,1.7398704848"
92049,92120,MONTROUGE,HAUTS-DE-SEINE,48.4,333,6.880165,"48.8153032159,2.31648921432"
93053,93130,NOISY-LE-SEC,SEINE-SAINT-DENIS,39.3,1686,42.900764,"48.891322463,2.45913647372"
75109,75009,PARIS-9E-ARRONDISSEMENT,PARIS,60.3,58,0.9618574,"48.8768961624,2.33746024139"
91312,91430,IGNY,ESSONNE,10.1,147,14.554455,"48.7362250613,2.22442021749"
95572,95310,SAINT-OUEN-L'AUMONE,VAL-D'OISE,23.5,278,11.829787,"49.0441683455,2.12861303743"
78481,78230,LE PECQ,YVELINES,16.4,58,3.5365853,"48.8936170481,2.10503635898"
93010,93140,BONDY,SEINE-SAINT-DENIS,53.4,825,15.449438,"48.9023234526,2.4837276939"
93029,93700,DRANCY,SEINE-SAINT-DENIS,66.7,1205,18.065968,"48.9234246259,2.44492688692"
91434,91390,MORSANG-SUR-ORGE,ESSONNE,20.9,99,4.736842,"48.6562855194,2.35088739655"
92064,92210,SAINT-CLOUD,HAUTS-DE-SEINE,29.7,283,9.528619,"48.8428741034,2.20864570316"
75113,75013,PARIS-13E-ARRONDISSEMENT,PARIS,182.0,1746,9.593407,"48.8287176845,2.36246822852"
95210,95880,ENGHIEN-LES-BAINS,VAL-D'OISE,11.9,38,3.1932774,"48.97016048,2.30485955429"
78358,78600,MAISONS-LAFFITTE,YVELINES,22.7,605,26.651981,"48.9523369002,2.15161594901"
94011,94380,BONNEUIL-SUR-MARNE,VAL-DE-MARNE,16.6,267,16.084337,"48.7733620104,2.48799310463"
78545,78210,SAINT-CYR-L'ECOLE,YVELINES,17.5,1177,67.25714,"48.8065759294,2.0659250703"
94077,94290,VILLENEUVE-LE-ROI,VAL-DE-MARNE,18.5,110,5.9459457,"48.7320914576,2.41037420069"
95199,95330,DOMONT,VAL-D'OISE,14.6,257,17.60274,"49.0296655684,2.32290103729"
92075,92170,VANVES,HAUTS-DE-SEINE,26.5,795,30.0,"48.8215227089,2.28739490768"
91687,91170,VIRY-CHATILLON,ESSONNE,31.6,319,10.094936,"48.6696168935,2.37374357641"
95427,95360,MONTMAGNY,VAL-D'OISE,14.2,113,7.9577465,"48.9699195841,2.3460753179"
78361,78200,MANTES-LA-JOLIE,YVELINES,43.1,414,9.605569,"48.9981665392,1.69337806821"
94022,94600,CHOISY-LE-ROI,VAL-DE-MARNE,39.4,214,5.431472,"48.764315118,2.41742518222"
75102,75002,PARIS-2E-ARRONDISSEMENT,PARIS,22.4,8,0.35714287,"48.8679033789,2.34410716666"
94019,94430,CHENNEVIERES-SUR-MARNE,VAL-DE-MARNE,18.1,386,21.325966,"48.7976502878,2.54157630073"
93032,93220,GAGNY,SEINE-SAINT-DENIS,38.8,2039,52.551548,"48.8820763119,2.5449484757"
77258,77185,LOGNES,SEINE-ET-MARNE,14.8,264,17.837837,"48.8332806021,2.63346363172"
77379,77160,PROVINS,SEINE-ET-MARNE,12.3,174,14.146341,"48.5633093312,3.28756780085"
94033,94120,FONTENAY-SOUS-BOIS,VAL-DE-MARNE,53.3,755,14.165103,"48.8511046382,2.47395409774"
94044,94450,LIMEIL-BREVANNES,VAL-DE-MARNE,19.1,31,1.6230366,"48.7450357782,2.48936184357"
77445,77176,SAVIGNY-LE-TEMPLE,SEINE-ET-MARNE,28.1,537,19.11032,"48.5884785769,2.57373861268"
91272,91190,GIF-SUR-YVETTE,ESSONNE,20.8,560,26.923079,"48.6988273634,2.12788365005"
78688,78960,VOISINS-LE-BRETONNEUX,YVELINES,11.9,368,30.92437,"48.758677648,2.04850691768"
92020,92320,CHATILLON,HAUTS-DE-SEINE,32.4,412,12.716049,"48.8034091756,2.28799131883"
95306,95220,HERBLAY,VAL-D'OISE,25.8,440,17.054264,"49.0007002763,2.14967680776"
78372,78160,MARLY-LE-ROI,YVELINES,16.6,366,22.048193,"48.865007453,2.09125004298"
78383,78310,MAUREPAS,YVELINES,18.8,1048,55.744682,"48.7698393561,1.92404037065"
91027,91200,ATHIS-MONS,ESSONNE,30.6,791,25.849672,"48.7092445775,2.38660492325"
94080,94300,VINCENNES,VAL-DE-MARNE,48.7,595,12.217659,"48.8473732045,2.43798650741"
95218,95610,ERAGNY,VAL-D'OISE,16.7,181,10.838323,"49.0204587496,2.10136635847"
77294,77290,MITRY-MORY,SEINE-ET-MARNE,18.5,138,7.4594593,"48.9779450158,2.61244465751"
93007,93150,LE BLANC-MESNIL,SEINE-SAINT-DENIS,51.1,3896,76.24266,"48.9395475536,2.46112148528"
77479,77360,VAIRES-SUR-MARNE,SEINE-ET-MARNE,12.0,440,36.666668,"48.8697812117,2.63565952774"
95280,95190,GOUSSAINVILLE,VAL-D'OISE,31.0,302,9.741936,"49.024343017,2.46619848866"
75103,75003,PARIS-3E-ARRONDISSEMENT,PARIS,35.7,103,2.885154,"48.8630541318,2.35936105897"
91691,91330,YERRES,ESSONNE,28.9,101,3.4948096,"48.7157210712,2.49273020271"
91174,91100,CORBEIL-ESSONNES,ESSONNE,42.5,311,7.317647,"48.6034809251,2.46934079002"
75114,75014,PARIS-14E-ARRONDISSEMENT,PARIS,137.2,894,6.516035,"48.8289932116,2.32710088326"
91471,91400,ORSAY,ESSONNE,16.2,286,17.65432,"48.7004093953,2.18737051177"
91589,91600,SAVIGNY-SUR-ORGE,ESSONNE,37.1,1433,38.62534,"48.684228392,2.34873862215"
77053,77170,BRIE-COMTE-ROBERT,SEINE-ET-MARNE,16.2,79,4.876543,"48.6920490316,2.6140606052"
77350,77330,OZOIR-LA-FERRIERE,SEINE-ET-MARNE,20.4,1368,67.05882,"48.7635612396,2.67962508199"
95428,95160,MONTMORENCY,VAL-D'OISE,21.4,19,0.88785046,"48.9918643363,2.32119797848"
95277,95500,GONESSE,VAL-D'OISE,26.4,617,23.371212,"48.9864903049,2.4569899628"
91570,91240,SAINT-MICHEL-SUR-ORGE,ESSONNE,20.1,191,9.502487,"48.6320496004,2.31170277845"
92007,92220,BAGNEUX,HAUTS-DE-SEINE,38.5,1795,46.623375,"48.7983229866,2.30989995212"
94034,94260,FRESNES,VAL-DE-MARNE,25.4,445,17.519686,"48.7571343016,2.32612839743"
77468,77200,TORCY,SEINE-ET-MARNE,22.2,407,18.333332,"48.8532553496,2.65123227423"
94067,94160,SAINT-MANDE,VAL-DE-MARNE,22.6,227,10.044248,"48.842440243,2.4192191088"
95219,95120,ERMONT,VAL-D'OISE,27.6,187,6.775362,"48.98824217,2.25662443737"
95563,95320,SAINT-LEU-LA-FORET,VAL-D'OISE,14.8,562,37.972973,"49.0202164812,2.24676044206"
93008,93000,BOBIGNY,SEINE-SAINT-DENIS,48.5,2453,50.57732,"48.907688244,2.43863982727"
77284,77100,MEAUX,SEINE-ET-MARNE,49.6,1745,35.181454,"48.9570625667,2.90003097245"
95637,95490,VAUREAL,VAL-D'OISE,16.1,42,2.6086955,"49.0295073382,2.02446619061"
92032,92260,FONTENAY-AUX-ROSES,HAUTS-DE-SEINE,23.7,403,17.00422,"48.7897301312,2.28723493557"
94081,94400,VITRY-SUR-SEINE,VAL-DE-MARNE,85.4,1021,11.955503,"48.7882828307,2.39412680533"
78362,78711,MANTES-LA-VILLE,YVELINES,18.9,213,11.269841,"48.9747939435,1.71205571778"
93055,93500,PANTIN,SEINE-SAINT-DENIS,52.2,947,18.141762,"48.8983093876,2.40872147475"
93066,93200/93210,SAINT-DENIS,SEINE-SAINT-DENIS,105.7,2721,25.742668,"48.9295650455,2.3592429975"
78029,78410,AUBERGENVILLE,YVELINES,12.1,219,18.099173,"48.9626916321,1.84870251915"
93077,93250,VILLEMOMBLE,SEINE-SAINT-DENIS,28.0,664,23.714285,"48.8848370021,2.50893406035"
94078,94190,VILLENEUVE-SAINT-GEORGES,VAL-DE-MARNE,31.0,549,17.709677,"48.7413809637,2.448998846"
95585,95200,SARCELLES,VAL-D'OISE,59.4,1544,25.993265,"48.9902250437,2.38160272749"
77152,77190,DAMMARIE-LES-LYS,SEINE-ET-MARNE,20.1,621,30.895521,"48.5138338655,2.62854374259"
91215,91860,EPINAY-SOUS-SENART,ESSONNE,12.4,2,0.16129033,"48.6871527113,2.51577225487"
77251,77127,LIEUSAINT,SEINE-ET-MARNE,10.4,285,27.403847,"48.6259910244,2.54994732668"
75115,75015,PARIS-15E-ARRONDISSEMENT,PARIS,236.5,441,1.8646934,"48.8401554186,2.29355937244"
92077,92410,VILLE-D'AVRAY,HAUTS-DE-SEINE,10.7,78,7.2897196,"48.8215895592,2.17761311514"
77186,77300,FONTAINEBLEAU,SEINE-ET-MARNE,15.3,281,18.366013,"48.4066856508,2.68031396389"
77131,77120,COULOMMIERS,SEINE-ET-MARNE,14.2,301,21.197184,"48.8122991656,3.09124381847"
93045,93260,LES LILAS,SEINE-SAINT-DENIS,22.4,57,2.544643,"48.8819208939,2.419667821"
94002,94140,ALFORTVILLE,VAL-DE-MARNE,44.3,1299,29.3228,"48.7960843864,2.42124593241"
94060,94510,LA QUEUE-EN-BRIE,VAL-DE-MARNE,11.3,11,0.9734513,"48.7775866104,2.58385577608"
92044,92300,LEVALLOIS-PERRET,HAUTS-DE-SEINE,63.4,832,13.123028,"48.895071672,2.28688268127"
94068,94100/94210,SAINT-MAUR-DES-FOSSES,VAL-DE-MARNE,75.3,2631,34.94024,"48.7990677797,2.49386450452"
94046,94700,MAISONS-ALFORT,VAL-DE-MARNE,52.6,170,3.2319393,"48.8063923267,2.43818248906"
93001,93300,AUBERVILLIERS,SEINE-SAINT-DENIS,74.7,707,9.464525,"48.9121722626,2.38445513768"
78440,78130,LES MUREAUX,YVELINES,31.5,248,7.873016,"48.9888041078,1.91363448925"
93078,93420,VILLEPINTE,SEINE-SAINT-DENIS,35.7,1668,46.722687,"48.9590202538,2.53630634206"
91326,91260,JUVISY-SUR-ORGE,ESSONNE,14.3,875,61.188812,"48.6918789321,2.37393682594"
78165,78340,LES CLAYES-SOUS-BOIS,YVELINES,17.5,204,11.657143,"48.8186406601,1.9840595554"
91645,91370,VERRIERES-LE-BUISSON,ESSONNE,15.5,178,11.4838705,"48.75044312,2.25171297214"
77296,77550,MOISSY-CRAMAYEL,SEINE-ET-MARNE,17.0,515,30.294117,"48.6285851533,2.5960231045"
78624,78510,TRIEL-SUR-SEINE,YVELINES,11.6,84,7.2413793,"48.9780282513,2.00877051663"
77285,77350,LE MEE-SUR-SEINE,SEINE-ET-MARNE,20.5,78,3.804878,"48.5394588477,2.62902482677"
94071,94370,SUCY-EN-BRIE,VAL-DE-MARNE,25.9,289,11.158301,"48.7656456593,2.5330560803"
95476,95520,OSNY,VAL-D'OISE,16.0,484,30.25,"49.0676589923,2.06311678451"
95487,95340,PERSAN,VAL-D'OISE,10.4,106,10.192308,"49.1497441715,2.26978393249"
93070,93400,SAINT-OUEN,SEINE-SAINT-DENIS,46.5,5536,119.053764,"48.909806575,2.33257042205"
77373,77340,PONTAULT-COMBAULT,SEINE-ET-MARNE,35.3,1309,37.082153,"48.7871411658,2.61407436985"
78190,78290,CROISSY-SUR-SEINE,YVELINES,10.1,252,24.950495,"48.8787825592,2.13541164589"
78242,78330,FONTENAY-LE-FLEURY,YVELINES,12.6,228,18.095238,"48.8177984988,2.04662335413"
92022,92370,CHAVILLE,HAUTS-DE-SEINE,18.6,329,17.688171,"48.8076083562,2.19234061062"
94079,94350,VILLIERS-SUR-MARNE,VAL-DE-MARNE,27.3,2093,76.66667,"48.8259586165,2.54520483293"
75104,75004,PARIS-4E-ARRONDISSEMENT,PARIS,28.2,218,7.7304964,"48.854228282,2.35736193814"
78297,78280,GUYANCOURT,YVELINES,28.2,567,20.106382,"48.7730783892,2.07605207737"
78646,78000,VERSAILLES,YVELINES,86.5,743,8.589596,"48.8025669671,2.11789297191"
91021,91290,ARPAJON,ESSONNE,10.4,144,13.846154,"48.5908921647,2.24349117607"
92033,92380,GARCHES,HAUTS-DE-SEINE,18.3,569,31.092897,"48.8450113548,2.18665007789"
92019,92290,CHATENAY-MALABRY,HAUTS-DE-SEINE,32.4,1674,51.666664,"48.7681690197,2.26282598525"
95539,95350,SAINT-BRICE-SOUS-FORET,VAL-D'OISE,14.2,6,0.4225352,"49.0019033624,2.35030688962"
77337,77186,NOISIEL,SEINE-ET-MARNE,15.5,355,22.903225,"48.8460926469,2.61997100426"
91692,91940,LES ULIS,ESSONNE,24.7,55,2.2267206,"48.680321482,2.18518955"
91216,91360,EPINAY-SUR-ORGE,ESSONNE,10.1,319,31.584158,"48.672618112,2.31834586071"
